Question,Source Docs,Question Type,Source Chunk Type,Answer
How has Apple's total net sales changed over time?,*AAPL*,Multi-Doc RAG,Table,"Based on the provided documents, Apple's total net sales have changed over time as follows:

- For the quarterly period ended June 25, 2022, the total net sales were $82,959 million. (SOURCE: 2022 Q3 AAPL.pdf)
- For the quarterly period ended December 31, 2022, the total net sales were $117,154 million. (SOURCE: 2023 Q1 AAPL.pdf)
- For the quarterly period ended April 1, 2023, the total net sales were $94,836 million. (SOURCE: 2023 Q2 AAPL.pdf)
- For the quarterly period ended July 1, 2023, the total net sales were $81,797 million. (SOURCE: 2023 Q3 AAPL.pdf)

From these figures, it can be observed that there was an increase in total net sales from the quarter ended June 25, 2022, to the quarter ended December 31, 2022. However, there was a subsequent decrease in total net sales in the quarters ended April 1, 2023, and July 1, 2023.

SOURCE(S): 2022 Q3 AAPL.pdf, 2023 Q1 AAPL.pdf, 2023 Q2 AAPL.pdf, 2023 Q3 AAPL.pdf"
What are the major factors contributing to the change in Apple's gross margin in the most recent 10-Q compared to the previous quarters?,*AAPL*,Multi-Doc RAG,Text,"In the most recent 10-Q for the quarter ended July 1, 2023, the factors contributing to the change in Apple's gross margin compared to previous quarters include:

1. Weakness in foreign currencies relative to the U.S. dollar, which had an unfavorable impact on gross margin.
2. Lower Products volume, which decreased gross margin.
3. Cost savings and a different Products mix, which partially offset the decrease in gross margin.

For the third quarter of 2023, the Products gross margin percentage increased compared to the same quarter in 2022 due to cost savings and a different Products mix, despite the negative impact of foreign currency weakness and decreased leverage. However, the year-over-year Products gross margin percentage for the first nine months of 2023 decreased due to the weakness in foreign currencies and decreased leverage, despite cost savings and a different Products mix.

The Services gross margin increased due to higher Services net sales but was partially offset by the weakness in foreign currencies and higher Services costs. The Services gross margin percentage decreased due to higher Services costs, partially offset by improved leverage.

SOURCE(S): 2023 Q3 AAPL.pdf"
"Has there been any significant change in Apple's operating expenses over the reported quarters? If so, what are the key drivers for this change?",*AAPL*,Multi-Doc RAG,Table,"Yes, there has been a change in Apple's operating expenses over the reported quarters. The key drivers for this change are increases in research and development (""R&D"") expense and selling, general and administrative expense. The growth in R&D expense is primarily driven by increases in headcount-related expenses.

For the third quarter of 2022, the total operating expenses were $12,809 million, with R&D expenses of $6,797 million and selling, general and administrative expenses of $6,012 million.

For the first quarter of 2023, the total operating expenses increased to $14,316 million, with R&D expenses of $7,709 million and selling, general and administrative expenses of $6,607 million.

For the second quarter of 2023, the total operating expenses were $13,658 million, with R&D expenses of $7,457 million and selling, general and administrative expenses of $6,201 million.

For the third quarter of 2023, the total operating expenses were $13,415 million, with R&D expenses of $7,442 million and selling, general and administrative expenses of $5,973 million.

The consistent increase in R&D expenses indicates the company's continued investment in innovation and product development. The selling, general and administrative expenses have also increased, although they saw a slight decrease in the third quarter of 2023 compared to the second quarter of 2023.

SOURCE(S): 2022 Q3 AAPL.pdf, 2023 Q1 AAPL.pdf, 2023 Q2 AAPL.pdf, 2023 Q3 AAPL.pdf"
How has Apple's revenue from iPhone sales fluctuated across quarters?,*AAPL*,Multi-Doc RAG,Table,"The revenue from iPhone sales for Apple has fluctuated across the quarters as follows:

- In the quarter ended June 25, 2022, the revenue from iPhone sales was $40,665 million. (""2022 Q3 AAPL.pdf"")
- In the quarter ended December 31, 2022, the revenue from iPhone sales was $65,775 million. (""2023 Q1 AAPL.pdf"")
- In the quarter ended April 1, 2023, the revenue from iPhone sales was $51,334 million. (""2023 Q2 AAPL.pdf"")
- In the quarter ended July 1, 2023, the revenue from iPhone sales was $39,669 million. (""2023 Q3 AAPL.pdf"")

SOURCE(S): ""2022 Q3 AAPL.pdf"", ""2023 Q1 AAPL.pdf"", ""2023 Q2 AAPL.pdf"", ""2023 Q3 AAPL.pdf"""
Can any trends be identified in Apple's Services segment revenue over the reported periods?,*AAPL*,Multi-Doc RAG,Table,"Based on the provided documents, there is a trend of increasing revenue in Apple's Services segment over the reported periods. The net sales for Services have shown growth from each period to the next. Specifically:

- In the quarter ended June 25, 2022, Services net sales were $19,604 million.
- In the quarter ended December 31, 2022, Services net sales increased to $20,766 million.
- In the quarter ended April 1, 2023, Services net sales further increased to $20,907 million.
- Finally, in the quarter ended July 1, 2023, Services net sales again increased to $21,213 million.

This consistent increase over the reported periods indicates a positive trend in the revenue of Apple's Services segment.

SOURCE(S): 2022 Q3 AAPL.pdf, 2023 Q1 AAPL.pdf, 2023 Q2 AAPL.pdf, 2023 Q3 AAPL.pdf"
What is the impact of foreign exchange rates on Apple's financial performance? List this out separately for each reported period.,*AAPL*,Multi-Doc RAG,Table,"- For the quarterly period ended June 25, 2022, weakness in foreign currencies relative to the U.S. dollar had an unfavorable impact on the Companyâ€™s total net sales.
  
  SOURCE(S): 2023 Q1 AAPL.pdf, Item 2. Managementâ€™s Discussion and Analysis of Financial Condition and Results of Operations

- For the quarterly period ended December 31, 2022, weakness in foreign currencies relative to the U.S. dollar had an unfavorable impact on the Companyâ€™s total net sales, which decreased 5% or $6.8 billion during the first quarter of 2023 compared to the same quarter in 2022.

  SOURCE(S): 2023 Q2 AAPL.pdf, Item 2. Managementâ€™s Discussion and Analysis of Financial Condition and Results of Operations

- For the quarterly period ended April 1, 2023, weakness in foreign currencies relative to the U.S. dollar had an unfavorable impact on the Companyâ€™s total net sales, which decreased 3% or $2.4 billion during the second quarter of 2023 compared to the same quarter in 2022.

  SOURCE(S): 2023 Q3 AAPL.pdf, Item 2. Managementâ€™s Discussion and Analysis of Financial Condition and Results of Operations

- For the quarterly period ended July 1, 2023, weakness in foreign currencies relative to the U.S. dollar had an unfavorable impact on the Companyâ€™s total net sales, which decreased 1% or $1.2 billion during the third quarter of 2023 compared to the same quarter in 2022.

  SOURCE(S): 2023 Q3 AAPL.pdf, Item 2. Managementâ€™s Discussion and Analysis of Financial Condition and Results of Operations"
Are there any notable changes in Apple's liquidity position or cash flows as reported in these 10-Qs?,*AAPL*,Multi-Doc RAG,Table,"Based on the provided documents, there are no explicit details indicating notable changes in Apple Inc.'s liquidity position or cash flows between the quarterly reports. The documents provided do not contain specific financial data or comparative analysis that would allow for an assessment of changes in the company's liquidity or cash flows.

SOURCE(S): 2022 Q3 AAPL.pdf, 2023 Q1 AAPL.pdf, 2023 Q2 AAPL.pdf, 2023 Q3 AAPL.pdf"
How does Apple's R&D expenditure in the most recent quarter compare to previous quarters and what implications might this have?,*AAPL*,Multi-Doc RAG,Table,"In the most recent quarter ended July 1, 2023, Apple Inc.'s research and development (R&D) expenditure was $7,442 million. This amount represents an increase compared to the R&D expenditure of $6,797 million in the quarter ended June 25, 2022, and $7,457 million in the quarter ended April 1, 2023.

The increase in R&D expenditure suggests that Apple Inc. is continuing to invest in the development of new products, technologies, and enhancements to existing offerings. This strategic investment is indicative of the company's commitment to innovation and could potentially lead to the introduction of new revenue streams, the strengthening of its competitive position in the market, and the enhancement of its product portfolio.

SOURCE(S): 2023 Q3 AAPL.pdf"
What legal proceedings or contingencies are disclosed in these 10-Qs and how might they potentially impact Apple?,*AAPL*,Multi-Doc RAG,Text,"The legal proceedings disclosed in the provided 10-Q documents include the following:

1. Epic Games Lawsuit: Epic Games, Inc. filed a lawsuit against Apple Inc. in the U.S. District Court for the Northern District of California, alleging violations of federal and state antitrust laws and California's unfair competition law based on Apple's operation of its App Store. The District Court ruled in favor of Apple on most counts but found that certain provisions of Apple's App Store Review Guidelines violated California's unfair competition law and issued an injunction. The case was appealed to the U.S. Court of Appeals for the Ninth Circuit, which affirmed the District Court's ruling. Further appeals and requests for review are mentioned, including a potential appeal to the U.S. Supreme Court and the Circuit Court's stay of the injunction pending such appeal.

2. European Commission State Aid Decision: The European Commission issued a decision that Ireland granted state aid to Apple by providing tax opinions in 1991 and 2007 concerning the tax allocation of profits of the Irish branches of two Apple subsidiaries. The decision ordered Ireland to recover additional taxes from Apple for the period June 2003 through December 2014. Both Apple and Ireland appealed the decision to the General Court of the Court of Justice of the European Union, which annulled the decision. The European Commission appealed the annulment to the European Court of Justice, and a hearing was held with a decision expected in calendar year 2024.

These legal proceedings and contingencies could potentially impact Apple in several ways:

- The Epic Games lawsuit could lead to changes in Apple's App Store policies and practices, particularly regarding the prohibition of developers from including external links to purchasing mechanisms other than Apple in-app purchasing. If the injunction takes effect, it could impact Apple's App Store revenue and operating model.
- The European Commission State Aid Decision could result in Apple being required to pay additional taxes for the specified period if the appeal by the European Commission is successful. Apple believes it would be eligible to claim a U.S. foreign tax credit for a portion of any incremental Irish corporate income taxes potentially due related to the decision.

Both matters could have financial implications for Apple, including potential monetary liabilities and changes to business practices that could affect future revenue and profitability.

SOURCE(S): 2022 Q3 AAPL.pdf, 2023 Q1 AAPL.pdf, 2023 Q2 AAPL.pdf, 2023 Q3 AAPL.pdf"
Has Apple engaged in any significant share repurchase activities in the reported quarters and what are the financial implications of these activities?,*AAPL*,Multi-Doc RAG,Table,"Yes, Apple has engaged in significant share repurchase activities in the reported quarters. The financial implications of these activities include a reduction in the number of shares outstanding, which can lead to an increase in earnings per share (EPS) and potentially enhance shareholder value. The repurchase activities are as follows:

- In the quarter ended June 25, 2022, Apple repurchased 408 million shares of its common stock for $65.0 billion under a share repurchase program authorized by the Board of Directors.
  
- In the quarter ended December 31, 2022, Apple repurchased 133 million shares of its common stock under an authorized share repurchase program for $19.0 billion, excluding excise tax due under the Inflation Reduction Act of 2022.

- In the quarter ended April 1, 2023, Apple repurchased 262 million shares of its common stock under an authorized share repurchase program for $38.1 billion, excluding excise tax due under the Inflation Reduction Act of 2022.

- In the quarter ended July 1, 2023, Apple repurchased 365 million shares of its common stock for $56.1 billion, excluding excise tax due under the Inflation Reduction Act of 2022.

These repurchases are part of Apple's capital return program, which includes share repurchases and dividends, aimed at returning excess cash to shareholders.

SOURCE(S): 2022 Q3 AAPL.pdf, 2023 Q1 AAPL.pdf, 2023 Q2 AAPL.pdf, 2023 Q3 AAPL.pdf"
What is the effective tax rate reported by Apple in these quarters and how does it compare across the periods?,*AAPL*,Multi-Doc RAG,Table,"The effective tax rates reported by Apple in the provided quarters are as follows:

- For the quarter ended June 25, 2022, the effective tax rate was 15.7%.
  
- For the quarter ended December 31, 2022, the effective tax rate was 15.8%.

- For the quarter ended April 1, 2023, the effective tax rate was 14.9%.

- For the quarter ended July 1, 2023, the effective tax rate was 12.5%.

Comparing across the periods, the effective tax rate decreased from 15.7% in the quarter ended June 25, 2022, to 12.5% in the quarter ended July 1, 2023.

SOURCE(S): 2022 Q3 AAPL.pdf, 2023 Q1 AAPL.pdf, 2023 Q2 AAPL.pdf, 2023 Q3 AAPL.pdf"
Does Apple report any significant new business acquisitions or divestitures in these 10-Qs?,*AAPL*,Multi-Doc RAG,Text,"No, Apple does not report any significant new business acquisitions or divestitures in the provided 10-Q documents.

SOURCE(S): 2022 Q3 AAPL.pdf, 2023 Q1 AAPL.pdf, 2023 Q2 AAPL.pdf, 2023 Q3 AAPL.pdf"
How have Apple's inventory levels changed across these quarters and what might this indicate about their supply chain management?,*AAPL*,Multi-Doc RAG,Table,"Apple's inventory levels have changed as follows across the quarters:

- As of June 25, 2022, the inventory level was $6,580 million (from ""2022 Q3 AAPL.pdf"").
- As of December 31, 2022, the inventory level increased to $6,820 million (from ""2023 Q1 AAPL.pdf"").
- As of April 1, 2023, the inventory level further increased to $7,482 million (from ""2023 Q2 AAPL.pdf"").
- As of July 1, 2023, the inventory level slightly decreased to $7,351 million (from ""2023 Q3 AAPL.pdf"").

The increase in inventory levels from June 25, 2022, to April 1, 2023, could indicate that Apple has been building up its inventory, possibly in anticipation of increased demand, new product launches, or as a strategy to mitigate potential supply chain disruptions. The slight decrease in inventory levels by July 1, 2023, might suggest that Apple has started to sell through its inventory, possibly due to successful sales or adjustments in production to align with demand.

These changes could indicate proactive supply chain management, where Apple is adjusting its inventory levels in response to anticipated market conditions, product lifecycle stages, or to ensure product availability amidst global supply chain challenges.

SOURCE(S): ""2022 Q3 AAPL.pdf"", ""2023 Q1 AAPL.pdf"", ""2023 Q2 AAPL.pdf"", ""2023 Q3 AAPL.pdf"""
Are there any significant changes or new disclosures in Apple's accounting policies as reported in these 10-Qs?,*AAPL*,Multi-Doc RAG,Text,"No, there are no significant changes or new disclosures in Apple's accounting policies as reported in these 10-Qs. The notes to the condensed consolidated financial statements in each of the provided 10-Q filings state that there have been no material changes to the Company's critical accounting estimates since the 2022 Form 10-K.

SOURCE(S): 2023 Q1 AAPL.pdf, 2023 Q2 AAPL.pdf, 2023 Q3 AAPL.pdf"
"Summarize the risk factors to Apple's business, and how they have changed over the reporting period",*AAPL*,Multi-Doc RAG,Text,"The risk factors to Apple's business have not changed over the reporting period. The risk factors mentioned include various challenges and uncertainties that could potentially affect the company's business, reputation, results of operations, financial condition, and stock price. These risks encompass a wide range of issues such as macroeconomic conditions like inflation, interest rate changes, and currency fluctuations, which can have both direct and indirect impacts on the company's performance. Additionally, legal proceedings and the outcome of litigation, which are inherently uncertain, could also materially affect the company's financial condition and operating results if resolved unfavorably. However, there have been no material changes to these risk factors as per the information provided in the context documents.

SOURCE(S): 2022 Q3 AAPL.pdf, 2023 Q1 AAPL.pdf, 2023 Q2 AAPL.pdf, 2023 Q3 AAPL.pdf"
What was the gross margin for Apple in the latest 10-Q report?,*2023 Q3 AAPL*,Single-Doc Single-Chunk RAG,Table,"The gross margin for Apple in the latest 10-Q report for the three months ended July 1, 2023, was $36,413 million.

SOURCE(S): 2023 Q3 AAPL.pdf"
How did Apple's operating expenses for Q1 2023 compare to its revenue for the same quarter?,*2023 Q1 AAPL*,Single-Doc Single-Chunk RAG,Table,"Apple's operating expenses for Q1 2023 were $14,316 million, while its total net sales (revenue) for the same quarter were $117,154 million.

SOURCE(S): 2023 Q1 AAPL.pdf"
"In the second quarter of 2023, what was the primary driver behind the change in Apple's net income?",*2023 Q2 AAPL*,Single-Doc Single-Chunk RAG,Text,"The primary driver behind the change in Apple's net income in the second quarter of 2023 was the decrease in total net sales, which declined by 3% or $2.4 billion compared to the same quarter in 2022. This decrease in net sales was primarily due to lower net sales of Mac, partially offset by higher net sales of Services.

SOURCE(S): 2023 Q2 AAPL.pdf"
"For the latest quarter, what was the total revenue generated from Apple's iPhone sales?",*2023 Q3 AAPL*,Single-Doc Single-Chunk RAG,Table,"The total revenue generated from Apple's iPhone sales for the latest quarter ended July 1, 2023, was $39,669 million.

SOURCE(S): 2023 Q3 AAPL.pdf"
What percentage of Apple's total revenue did the Services segment contribute in Q3 2023?,*2023 Q3 AAPL*,Single-Doc Single-Chunk RAG,Table,"The Services segment contributed 21,213 million dollars to Apple's total net sales of 81,797 million dollars in Q3 2023. To calculate the percentage contribution of the Services segment to the total net sales:

(21,213 / 81,797) * 100 = 25.93%

Therefore, the Services segment contributed approximately 25.93% of Apple's total revenue in Q3 2023.

SOURCE(S): 2023 Q3 AAPL.pdf"
How did foreign exchange rates specifically affect Apple's financial performance in the most recent 10-Q?,*2023 Q3 AAPL*,Single-Doc Single-Chunk RAG,Text,"Foreign exchange rates had an unfavorable impact on Apple's total net sales, which decreased by 1% or $1.2 billion during the third quarter of 2023 compared to the same quarter in 2022. This impact was due to the weakness in foreign currencies relative to the U.S. dollar. Additionally, the weakness in foreign currencies relative to the U.S. dollar had a net unfavorable year-over-year impact on Europe net sales, Greater China net sales, Japan net sales, and Rest of Asia Pacific net sales during the third quarter and first nine months of 2023.

SOURCE(S): 2023 Q3 AAPL.pdf"
What was Apple's cash flow from operating activities as reported in the Q3 2022 10-Q?,*2022 Q3 AAPL*,Single-Doc Single-Chunk RAG,Table,"The cash generated by operating activities for the nine months ended June 25, 2022, was $98,024 million.

SOURCE(S): 2022 Q3 AAPL.pdf"
"In the first quarter of 2023, how much did Apple spend on research and development, and what was the focus of this expenditure?",*2023 Q1 AAPL*,Single-Doc Single-Chunk RAG,Text,"In the first quarter of 2023, Apple Inc. spent $7,709 million on research and development. The focus of this expenditure is not explicitly detailed in the provided context document.

SOURCE(S): 2023 Q1 AAPL.pdf"
"What specific legal proceedings or potential liabilities were mentioned in Apple's Q2 2023 10-Q, and what is their potential impact?",*2023 Q2 AAPL*,Single-Doc Single-Chunk RAG,Text,"The specific legal proceedings mentioned in Apple's Q2 2023 10-Q include the lawsuit filed by Epic Games, Inc. (""Epic"") against Apple Inc. Epic filed the lawsuit in the U.S. District Court for the Northern District of California alleging violations of federal and state antitrust laws and Californiaâ€™s unfair competition law based on Appleâ€™s operation of its App Store. Apple filed a counterclaim for breach of contract. On September 10, 2021, the court ruled in favor of Apple on nine out of ten counts in Epic's claim and in favor of Apple on Appleâ€™s claims for breach of contract. The court found that certain provisions of Appleâ€™s App Store Review Guidelines violate Californiaâ€™s unfair competition law and issued an injunction. On April 24, 2023, the U.S. Court of Appeals for the Ninth Circuit affirmed the District Courtâ€™s ruling. Apple is considering further review of the decision.

The potential impact of this legal proceeding is not quantified in the 10-Q report, but it is stated that if one or more legal matters were resolved against the Company in a reporting period for amounts above managementâ€™s expectations, Apple's financial condition and operating results for that reporting period could be materially adversely affected.

Additionally, the 10-Q report mentions that Apple is subject to other legal proceedings and claims that have not been fully resolved and that have arisen in the ordinary course of business. It is noted that the outcome of litigation is inherently uncertain. The report does not detail these other legal proceedings or their potential impact but indicates that they could materially and adversely affect Apple's business, reputation, results of operations, financial condition, and stock price if they were resolved unfavorably.

SOURCE(S): 2023 Q2 AAPL.pdf"
"Did Apple report any share repurchase activities in its Q3 2023 10-Q, and if so, what was the scale of these buybacks?",*2023 Q3 AAPL*,Single-Doc Single-Chunk RAG,Table,"Yes, Apple reported share repurchase activities in its Q3 2023 10-Q. During the three months ended July 1, 2023, the Company repurchased 102,673,000 shares of its common stock for $18.0 billion, excluding excise tax due under the Inflation Reduction Act of 2022.

SOURCE(S): 2023 Q3 AAPL.pdf"
What changes in debt structure or interest expenses did Apple disclose in the Q1 2023 10-Q?,*2023 Q1 AAPL*,Single-Doc Single-Chunk RAG,Table,"Apple disclosed in its Q1 2023 10-Q that as of December 31, 2022, the Company had $1.7 billion of Commercial Paper outstanding, which was a decrease from the $10.0 billion of Commercial Paper outstanding as of September 24, 2022. Additionally, the interest expense for the three months ended December 31, 2022, was $1,003 million, compared to $694 million for the three months ended December 25, 2021.

SOURCE(S): 2023 Q1 AAPL.pdf"
"What effective tax rate did Apple report in its latest quarterly filing, and how does this compare to the statutory tax rate?",*2023 Q3 AAPL*,Single-Doc Single-Chunk RAG,Table,"Apple reported an effective tax rate of 12.5% for the third quarter of 2023, which is lower than the statutory federal income tax rate of 21%.

SOURCE(S): 2023 Q3 AAPL.pdf"
Were there any significant acquisitions or divestitures reported by Apple in the Q2 2023 10-Q?,*2023 Q2 AAPL*,Single-Doc Single-Chunk RAG,Text,"No, there were no significant acquisitions or divestitures reported by Apple in the Q2 2023 10-Q.

SOURCE(S): 2023 Q2 AAPL.pdf"
How did Apple's inventory levels in the Q3 2022 report reflect on their supply chain efficiency?,*2022 Q3 AAPL*,Single-Doc Single-Chunk RAG,Table,"The Q3 2022 report does not provide specific commentary on how inventory levels reflect on Apple's supply chain efficiency. However, the report does provide a figure for inventories under the ""Current assets"" section in the ""CONDENSED CONSOLIDATED BALANCE SHEETS (Unaudited)"" table, which shows that inventories were $5,433 million as of June 25, 2022, compared to $6,580 million as of September 25, 2021. This indicates a decrease in inventory levels, but without further context or analysis within the report, it is not possible to determine how this reflects on supply chain efficiency.

SOURCE(S): 2022 Q3 AAPL.pdf"
"What significant accounting policy changes, if any, did Apple disclose in its most recent 10-Q?",*2023 Q3 AAPL*,Single-Doc Single-Chunk RAG,Text,"Apple did not disclose any changes to its significant accounting policies in its most recent 10-Q for the fiscal quarter ended July 1, 2023.

SOURCE(S): 2023 Q3 AAPL.pdf"
"In Apple's Q1 2023 10-Q, what is the correlation between Apple's R&D expenditure and the new products or services introduced by the company? ",*2023 Q1 AAPL*,Single-Doc Multi-Chunk RAG,Text,"In the ""Quarterly Highlights"" section of the 2023 Q1 AAPL.pdf document, it is mentioned that during the first quarter of 2023, Apple announced a new iPad, a new iPad Pro powered by the Apple M2 chip, and a new Apple TV 4K. Additionally, in the ""Operating Expenses"" section, it is stated that the growth in research and development (R&D) expense during the first quarter of 2023 compared to the same quarter in 2022 was driven primarily by increases in headcount-related expenses. While the document does not explicitly state a direct correlation between R&D expenditure and the introduction of new products or services, the mention of new product announcements in the same period as an increase in R&D expenses suggests that the company's investment in R&D may be related to its product development efforts.

SOURCE(S): 2023 Q1 AAPL.pdf"
"For Apple's Q2 2023 report, analyze the relationship between Apple's revenue from international markets and its segment on foreign currency risk to understand the company's exposure to currency fluctuations. ",*2023 Q2 AAPL*,Single-Doc Multi-Chunk RAG,Text,"Apple's Q2 2023 report indicates that international markets are a significant component of the company's revenue. The report shows that net sales in various regions outside the United States, such as Europe, Greater China, Japan, and the Rest of Asia Pacific, collectively contribute to the company's total net sales. However, the report also highlights that the company's revenue is impacted by currency fluctuations. Specifically, it mentions that the weakness in foreign currencies relative to the U.S. dollar had an unfavorable impact on the company's total net sales, which decreased by 3% during the second quarter of 2023 compared to the same quarter in 2022.

The segment on foreign currency risk within the report discusses how Apple uses derivative instruments to partially offset its business exposure to foreign exchange risk. The company may enter into forward contracts, option contracts, or other instruments to protect its gross margins from fluctuations in foreign currency exchange rates. Apple hedges portions of its forecasted foreign currency exposure associated with revenue and inventory purchases, typically for up to 12 months. Additionally, the company may enter into derivative instruments to protect its foreign currencyâ€“denominated term debt or marketable securities from fluctuations in foreign currency exchange rates.

In summary, Apple's revenue from international markets is subject to foreign currency risk, and the company actively manages this exposure through the use of derivative instruments to mitigate the impact of currency fluctuations on its financial results.

SOURCE(S): 2023 Q2 AAPL.pdf"
"From Apple's most recent 10-Q, how do the insights from the liquidity and capital resources section correlate with the reported changes in Apple's cash flow from operations? ",*2023 Q3 AAPL*,Single-Doc Multi-Chunk RAG,Text,"The ""Liquidity and Capital Resources"" section of Apple's most recent 10-Q report indicates that the company believes its balances of cash, cash equivalents, and unrestricted marketable securities, along with cash generated by ongoing operations and continued access to debt markets, will be sufficient to satisfy its cash requirements and capital return program over the next 12 months and beyond. This suggests that the company expects to maintain a strong liquidity position.

The ""CONDENSED CONSOLIDATED STATEMENTS OF CASH FLOWS"" section shows that Apple's cash generated by operating activities was $88.9 billion for the nine months ended July 1, 2023. This indicates that the company's operations are generating a significant amount of cash, which supports the company's assessment in the ""Liquidity and Capital Resources"" section that the cash generated from operations will contribute to meeting its cash requirements.

In summary, the insights from the ""Liquidity and Capital Resources"" section correlate with the reported changes in Apple's cash flow from operations by confirming that the company's operations continue to generate substantial cash flows, which, along with its other liquid assets, are expected to cover its financial needs.

SOURCE(S): 2023 Q3 AAPL.pdf"
"In Apple's Q3 2023 10-Q, analyze how the reported changes in Apple's inventory levels relate to the discussion in their supply chain and logistics section. ",*2023 Q3 AAPL*,Single-Doc Multi-Chunk RAG,Text,"The reported changes in Apple's inventory levels for Q3 2023 show an increase in total inventories from $4,946 million as of September 24, 2022, to $7,351 million as of July 1, 2023. This increase is reflected in both components and finished goods, with components increasing from $1,637 million to $3,788 million and finished goods increasing from $3,309 million to $3,563 million.

The discussion in the supply chain and logistics section, specifically regarding manufacturing purchase obligations, indicates that Apple has entered into noncancelable manufacturing purchase obligations primarily with its outsourcing partners who manufacture subassemblies or assemble final products for the company. As of July 1, 2023, Apple had manufacturing purchase obligations of $38.4 billion, with $38.1 billion payable within 12 months. These obligations are for the acquisition of components and building products based on demand information supplied by Apple, which typically covers periods up to 150 days.

The increase in inventory levels could be associated with Apple's strategy to ensure the availability of components and finished products to meet anticipated customer demand, considering the lead times and obligations with its manufacturing partners. The noncancelable nature of these obligations suggests that Apple is committed to these inventory levels to maintain its supply chain operations.

SOURCE(S): 2023 Q3 AAPL.pdf"
"From the latest 10-Q, how does Apple's discussion on market risk in the financial section align with the risk factors mentioned in the company's business overview? ",*2023 Q3 AAPL*,Single-Doc Multi-Chunk RAG,Text,"The discussion on market risk in the financial section of the latest 10-Q states that there have been no material changes to the Companyâ€™s market risk during the first nine months of 2023. This aligns with the risk factors mentioned in the company's business overview, where it is stated that there have been no material changes to the Companyâ€™s risk factors since the 2022 Form 10-K.

SOURCE(S): 2023 Q3 AAPL.pdf"
"In Apple's Q1 2023 10-Q, combine the data on Apple's debt instruments from the financial statements with the management discussion to understand their debt management strategy. ",*2023 Q1 AAPL*,Single-Doc Multi-Chunk RAG,Table,"Apple's Q1 2023 10-Q report provides information on the company's debt instruments and management's discussion on their debt management strategy. From the financial statements, we can see that Apple has various notes with different maturity dates and interest rates. For instance, the report lists instruments such as 1.375% Notes due 2024, 0.000% Notes due 2025, and 3.600% Notes due 2042, among others, all registered with The Nasdaq Stock Market LLC.

In the management discussion section, specifically under ""Liquidity and Capital Resources,"" it is mentioned that Apple believes its balances of cash, cash equivalents, and unrestricted marketable securities, along with cash generated by ongoing operations and continued access to debt markets, will be sufficient to satisfy its cash requirements and capital return program over the next 12 months and beyond. The report also mentions that Apple's contractual cash requirements have not changed materially since the 2022 Form 10-K, except for commercial paper and manufacturing purchase obligations.

The report details that Apple issues unsecured short-term promissory notes (""Commercial Paper"") under a commercial paper program, which is used for general corporate purposes, including dividends and share repurchases. As of December 31, 2022, Apple had $1.7 billion of Commercial Paper outstanding, all of which was payable within 12 months.

Combining this information, we can infer that Apple's debt management strategy involves maintaining a mix of short-term and long-term debt instruments, ensuring sufficient liquidity through a combination of cash reserves, ongoing operations, and access to debt markets, and using instruments like commercial paper for immediate corporate needs, including shareholder returns.

SOURCE(S): 2023 Q1 AAPL.pdf"
"In the most recent 10-Q, analyze how Apple's reported tax rate in the financial statements section correlates with the discussion on tax contingencies in the notes. ",*2023 Q3 AAPL*,Single-Doc Multi-Chunk RAG,Table,"In the most recent 10-Q, the reported effective tax rate for Apple in the third quarter of 2023 was 12.5%, and for the first nine months of 2023, it was 14.6%. This is lower than the U.S. statutory federal income tax rate of 21%. The reduction in the effective tax rate is attributed primarily to a lower effective tax rate on foreign earnings, including the favorable impact of changes in unrecognized tax benefits, tax benefits from share-based compensation, and the U.S. federal R&D credit, partially offset by state income taxes.

In the notes section, specifically in the discussion on tax contingencies, Apple mentions the European Commission's State Aid Decision, which ordered Ireland to recover additional taxes from Apple for the period June 2003 through December 2014. However, Apple believes it would be eligible to claim a U.S. foreign tax credit for a portion of any incremental Irish corporate income taxes potentially due related to the State Aid Decision. This indicates that while there is a tax contingency that could potentially affect Apple's taxes, the company has considered the impact and believes it can mitigate some of the potential additional tax costs through U.S. foreign tax credits.

The correlation between the reported tax rate and the discussion on tax contingencies is that both reflect the impact of international tax matters on Apple's overall tax position. While the effective tax rate reflects current benefits from foreign earnings and tax credits, the tax contingencies note reflects potential future impacts that could arise from decisions by tax authorities, which Apple plans to address through mechanisms like foreign tax credits.

SOURCE(S): 2023 Q3 AAPL.pdf"
"From Apple's Q3 2023 10-Q, how does the information in the operational expenses section relate to the insights shared in Apple's segment reporting? ",*2023 Q3 AAPL*,Single-Doc Multi-Chunk RAG,Table,"In the ""Segment Operating Performance"" section of Apple's Q3 2023 10-Q, it is reported that net sales decreased in the Americas and increased in Europe and Greater China, while Japan and Rest of Asia Pacific experienced a mix of increases and decreases. The changes in net sales are attributed to various factors, including the performance of different product categories like iPhone, Mac, iPad, Wearables, Home and Accessories, and Services.

The ""Operating Expenses"" section provides details on the company's Research and Development (R&D) and Selling, General and Administrative (SG&A) expenses. R&D expenses increased due to higher headcount-related expenses, while SG&A expenses remained relatively flat compared to the same periods in the previous year.

The relationship between the information in the ""Operating Expenses"" section and the insights shared in the ""Segment Operating Performance"" section is that the operating expenses are part of the factors that impact the profitability and financial performance of each segment. The increase in R&D expenses reflects the company's continued investment in developing new and improved products, which can lead to future revenue growth in various segments. Meanwhile, the control of SG&A expenses, despite changes in net sales across different segments, indicates the company's management of its operating costs to maintain profitability.

The segment reporting provides a revenue perspective, while the operating expenses section offers a view of the costs associated with generating that revenue, both of which are crucial for understanding the company's overall financial performance.

SOURCE(S): 2023 Q3 AAPL.pdf"
"In the latest 10-Q, how does the revenue from new product launches by Apple compare with the company's marketing and advertising expenses? ",*2023 Q3 AAPL*,Single-Doc Multi-Chunk RAG,Table,"The latest 10-Q does not provide a direct comparison between the revenue from new product launches and the company's marketing and advertising expenses. 

SOURCE(S): 2023 Q3 AAPL.pdf"
